cgil_primary_qty_left,cgis_created_on,cgis_id,cdoc_reference,cgil_item_name1,cgil_primary_qty,cdct_name,cgis_document_id,cgis_movement_type,cgis_organization_id,cgil_item_code1,cdoc_pi_status,cdcs_name,cdoc_number,cgil_primary_qty_post,cdoc_notes,cwhs_code,cgis_created_by,cgil_batch_number,cdoc_pi_date,codv_planning_date_pl,metadata_fecha_consulta
0,2025-09-05T20:23:28.060192,81436,514772,31X60  CERÁMICA PISO TIPO MADERA  MATE SHERMAN SMOKED GRIS    PORCELANITE (CJ: 1.68),1.68,Salida por entrega,515722,261,98,10026882,01,Cerrado,515722,1.68,,1145,garenas,,2025-09-05T20:30:16.896149,2025-09-06T00:00:00,2025-09-06 01:43:00
0,2025-09-05T20:22:09.960305,81435,515260,SANITARIO MONTECARLO NOVO AL.HET EN CAJA  BONE O29161031,2.0,Salida por entrega,515721,261,98,10001609,01,Cerrado,515721,2.0,,1145,garenas,,2025-09-05T20:31:20.685818,2025-09-06T00:00:00,2025-09-06 01:43:00
0,2025-09-05T20:22:09.960305,81433,514784,ADAPTADOR PRESION MACHO DE 1/2    REF 2900779+134,857.0,Salida por entrega,515719,261,98,10000556+135,02,Cerrado,515719,857.0,,1145,garenas,3009569024,2025-09-05T20:35:11.80782,2025-09-06T00:00:00,2025-09-06 01:43:00
0,2025-09-05T20:22:09.960305,81434,514790,CANASTILLA CON SOSCO 4P METALICA 937260001+18,51.0,Salida por entrega,515720,261,98,10001449+18,01,Cerrado,515720,51.0,,1145,garenas,,2025-09-05T20:30:30.50257,2025-09-06T00:00:00,2025-09-06 01:43:00
0,2025-09-05T20:20:07.052309,81432,514775,ARENA PAREJA  POR SACO+22,261.0,Salida por entrega,515718,261,98,10000495+22,01,Cerrado,515718,261.0,,1145,garenas,131525+2,2025-09-05T20:25:21.283933,2025-09-06T00:00:00,2025-09-06 01:43:00
0,2025-09-05T19:04:08.867661,81430,515545,MDF TABLEMAC LIGHT 183X244X18 RH,1.0,Salida por entrega,515693,261,98,10008533,01,Cerrado,515693,1.0,,1145,garenas,,2025-09-05T19:05:09.002411,2025-09-05T00:00:00,2025-09-06 01:43:00
0,2025-09-05T18:59:33.905758,81429,515427,CINTA ANCHA X 300 METROS,6.0,Salida por entrega,515682,261,98,10016594,01,Cerrado,515682,6.0,,1145,garenas,,2025-09-05T19:00:14.816143,2025-09-05T00:00:00,2025-09-06 01:43:00
0,2025-09-05T18:22:34.526503,81427,515588,CEMENTO GRIS ALION BULTO X 50kg,60.0,Salida por entrega,515670,261,98,10021733,01,Cerrado,515670,60.0,,1145,garenas,,2025-09-05T18:50:16.280135,2025-09-06T00:00:00,2025-09-06 01:43:00
0,2025-09-05T18:22:34.526503,81428,515594,CEMENTO GRIS ALION BULTO X 25kg+1,112.0,Salida por entrega,515671,261,98,10021733+1,02,Cerrado,515671,112.0,,1145,garenas,,2025-09-05T18:50:13.056146,2025-09-06T00:00:00,2025-09-06 01:43:00
0,2025-09-05T18:22:34.526503,81426,515496,CEMENTO GRIS ALION BULTO X 25kg+1,65.0,Salida por entrega,515669,261,98,10021733+1,02,Cerrado,515669,65.0,,1145,garenas,,2025-09-05T18:50:17.921542,2025-09-06T00:00:00,2025-09-06 01:43:00
0,2025-09-05T18:22:18.733402,81425,515623,CEMENTO GRIS ALION BULTO X 25kg+1,130.0,Salida por entrega,515668,261,98,10021733+1,02,Cerrado,515668,130.0,,1145,garenas,,2025-09-05T18:35:32.231434,2025-09-06T00:00:00,2025-09-06 01:43:00
0,2025-09-05T18:22:18.733402,81424,515621,CEMENTO GRIS ALION BULTO X 50kg,120.0,Salida por entrega,515667,261,98,10021733,01,Cerrado,515667,120.0,,1145,garenas,,2025-09-05T18:35:20.283477,2025-09-06T00:00:00,2025-09-06 01:43:00
0,2025-09-05T18:22:18.733402,81423,515443,CEMENTO GRIS ALION BULTO X 50kg,50.0,Salida por entrega,515666,261,98,10021733,01,Cerrado,515666,50.0,,1145,garenas,,2025-09-05T18:35:24.434103,2025-09-06T00:00:00,2025-09-06 01:43:00
0,2025-09-05T18:19:45.504399,81422,515619,CEMENTO GRIS ALION BULTO X 50kg,60.0,Salida por entrega,515665,261,98,10021733,01,Cerrado,515665,60.0,,1145,garenas,,2025-09-05T18:20:20.244212,2025-09-06T00:00:00,2025-09-06 01:43:00
0,2025-09-05T18:19:45.504399,81421,515608,CEMENTO GRIS ALION BULTO X 50kg,50.0,Salida por entrega,515664,261,98,10021733,01,Cerrado,515664,50.0,,1145,garenas,,2025-09-05T18:20:27.282496,2025-09-06T00:00:00,2025-09-06 01:43:00
0,2025-09-05T18:19:45.504399,81420,515484,CEMENTO GRIS ALION BULTO X 50kg,50.0,Salida por entrega,515663,261,98,10021733,01,Cerrado,515663,50.0,,1145,garenas,,2025-09-05T18:20:30.32882,2025-09-06T00:00:00,2025-09-06 01:43:00
0,2025-09-05T18:19:45.504399,81419,512579,CEMENTO GRIS ALION BULTO X 50kg,120.0,Salida por entrega,515662,261,98,10021733,01,Cerrado,515662,120.0,,1145,garenas,,2025-09-05T18:20:23.968138,2025-09-05T00:00:00,2025-09-06 01:43:00
0,2025-09-05T17:09:31.378533,81418,,LADRILLO H-10 6 CELDAS (33X20X10) - 6.5 KG+2,567.0,Salida por merma,515614,702,98,10002907+2,,Cerrado,515614,567.0,SE REALIZA SALIDA POR AJUSTE DE INVENTARIO CICLICO ,1145,osantana,,,,2025-09-06 01:43:00
0,2025-09-05T17:04:44.883597,81417,515034,THINER GALON,2.0,Salida por entrega,515611,261,98,10007316,02,Cerrado,515611,2.0,,1145,losorio,,2025-09-05T17:05:03.429418,2025-09-05T00:00:00,2025-09-06 01:43:00
0,2025-09-05T17:02:20.491233,81416,515176,MELAMINICO  SUPERCOR  PB  VIENES TEX MADERA 153X244X36,41.0,Salida por entrega,515610,261,98,10012632,01,Cerrado,515610,41.0,,1145,losorio,,2025-09-05T17:02:39.258319,2025-09-06T00:00:00,2025-09-06 01:43:00
0,2025-09-05T16:13:31.324439,81415,514239,MELAMINICO VESTO MDP NEGRO VELVET SUPERMATE2.15X2.44X15,3.0,Salida por entrega,515494,261,98,10030046,01,Cerrado,515494,3.0,,1290,lguerrero,,2025-09-05T16:15:17.711487,2025-09-05T00:00:00,2025-09-06 01:43:00
0,2025-09-05T15:57:55.882659,81414,515388,CANTO PVC INTRAPLAS KOA 19X0.45MM 240mxRollo+2,90.0,Salida por entrega,515472,261,98,10026642+2,01,Cerrado,515472,90.0,,1145,losorio,,2025-09-05T15:58:30.033029,2025-09-05T00:00:00,2025-09-06 01:43:00
0,2025-09-05T15:55:50.649128,81413,515304,CANTO PVC INTRAPLAS BLANCO 19X0.45MM 240mxRollo+8,262.0,Salida por entrega,515471,261,98,10003780+8,01,Cerrado,515471,262.0,,1290,lguerrero,,2025-09-05T16:00:29.176127,2025-09-05T00:00:00,2025-09-06 01:43:00
0,2025-09-05T15:34:37.017725,81412,510519,CANTO PVC INTRAPLAS WENGUE 40X0.45 MM 240mxRollo,6.0,Salida por entrega,515451,261,98,10003916,02,Cerrado,515451,6.0,,1145,losorio,,2025-09-05T15:35:11.650641,2025-09-05T00:00:00,2025-09-06 01:43:00
0,2025-09-05T15:08:32.264195,81411,515046,CINTA CERA RESINA 110 X 450MTRS+5,30.0,Salida por entrega,515406,261,98,10007411+5,01,Cerrado,515406,30.0,,1145,losorio,,2025-09-05T15:09:31.540311,2025-09-05T00:00:00,2025-09-06 01:43:00
0,2025-09-05T15:05:47.041818,81410,515307,MDF TABLEMAC LIGHT 183X244X12,3.0,Salida por entrega,515403,261,98,10008525,01,Cerrado,515403,3.0,,1290,lguerrero,,2025-09-05T15:09:26.038421,2025-09-06T00:00:00,2025-09-06 01:43:00
0,2025-09-05T15:05:11.756171,81409,515310,MELAMINICO  SUPERCOR  PB    AMARETTO    TEX RUSTICK  183X244X15,1.0,Salida por entrega,515401,261,98,10010556,01,Cerrado,515401,1.0,,1290,lguerrero,,2025-09-05T15:09:22.976129,2025-09-06T00:00:00,2025-09-06 01:43:00
0,2025-09-05T15:04:45.363735,81408,515381,SANISIL  TRANSPARAENTE CARTUCHO  300 CC,1.0,Salida por entrega,515400,261,98,10005244,02,Cerrado,515400,1.0,,1145,losorio,720012303,2025-09-05T15:05:14.284142,2025-09-05T00:00:00,2025-09-06 01:43:00
0,2025-09-05T15:04:37.945913,81407,515313,MELAMINICO SUPERCOR  PB VIENES TEX RUSTICK  183X244X15+2,11.0,Salida por entrega,515399,261,98,10010331+2,01,Cerrado,515399,11.0,,1290,lguerrero,,2025-09-05T15:05:32.920148,2025-09-06T00:00:00,2025-09-06 01:43:00
0,2025-09-05T15:03:59.38521,81406,515317,MELAMINICO  SUPERCOR  PB    HUMO    TEX MADERA  183X244X15+3,8.0,Salida por entrega,515397,261,98,10010411+3,01,Cerrado,515397,8.0,,1290,lguerrero,,2025-09-05T15:05:39.232299,2025-09-06T00:00:00,2025-09-06 01:43:00
0,2025-09-05T15:03:27.154903,81405,515323,MELAMINICO  SUPERCOR  PB  RH  RIVIERA  TEX FOREST  183X244X15+1,4.0,Salida por entrega,515395,261,98,10010332+1,01,Cerrado,515395,4.0,,1290,lguerrero,,2025-09-05T15:05:28.559727,2025-09-06T00:00:00,2025-09-06 01:43:00
0,2025-09-05T15:02:47.204357,81404,515326,MELAMINICO  SUPERCOR  PB  RH  BLANCO NEVADO    LISO  215X244X15+1,3.5,Salida por entrega,515394,261,98,10010411+1,01,Cerrado,515394,3.5,,1290,lguerrero,,2025-09-05T15:05:48.365028,2025-09-06T00:00:00,2025-09-06 01:43:00
0,2025-09-05T15:01:49.070058,81403,515193,TORNILLO DELTA EST 8 X1/2 P.BROCA TAIW,800.0,Salida por entrega,515393,261,98,10032860,01,Cerrado,515393,800.0,,1145,losorio,,2025-09-05T15:02:19.481378,2025-09-05T00:00:00,2025-09-06 01:43:00
0,2025-09-05T15:00:55.002329,81402,515245,CANTO PVC INTRAPLAS ARENA 19X0.45MM 240mxRollo+10,276.0,Salida por entrega,515392,261,98,10003766+10,01,Cerrado,515392,276.0,,1290,lguerrero,,2025-09-05T15:05:23.229936,2025-09-05T00:00:00,2025-09-06 01:43:00
0,2025-09-05T14:43:54.052144,81401,509965,ALAMBRE NEGRO No.17 EN KILOS+5,123.0,Salida por entrega,515368,261,98,10004857+5,01,Cerrado,515368,123.0,,1145,losorio,,2025-09-05T14:45:17.820564,2025-09-01T00:00:00,2025-09-06 01:43:00
0,2025-09-05T14:18:25.433829,81396,515141,MDF TABLEMAC LIGHT 183X244X09,1.0,Salida por entrega,515356,261,98,10008524,01,Cerrado,515356,1.0,,1145,losorio,,2025-09-05T14:19:07.576949,2025-09-06T00:00:00,2025-09-06 01:43:00
0,2025-09-05T14:18:25.433829,81400,515154,MELAMINICO  SUPERCOR  PB  RH  AUSTRAL  TEX FOREST  183X244X15,4.0,Salida por entrega,515360,261,98,10029327,01,Cerrado,515360,4.0,,1145,losorio,,2025-09-05T14:19:12.480979,2025-09-06T00:00:00,2025-09-06 01:43:00
0,2025-09-05T14:18:25.433829,81399,515151,MELAMINICO  SUPERCOR  PB  RH  AUSTRAL  TEX FOREST  183X244X15,3.0,Salida por entrega,515359,261,98,10029327,01,Cerrado,515359,3.0,,1145,losorio,,2025-09-05T14:19:10.342374,2025-09-06T00:00:00,2025-09-06 01:43:00
0,2025-09-05T14:18:25.433829,81398,515147,MELAMINICO  SUPERCOR  PB  RH KALLIO TEX FOREST  183X244X15+1,8.0,Salida por entrega,515358,261,98,10029395+1,01,Cerrado,515358,8.0,,1145,losorio,,2025-09-05T14:19:03.741405,2025-09-06T00:00:00,2025-09-06 01:43:00
0,2025-09-05T14:18:25.433829,81397,515144,MELAMINICO  SUPERCOR  PB  RH  VIENES     TEX RUSTICK  183X244X15,12.0,Salida por entrega,515357,261,98,10010602,01,Cerrado,515357,12.0,,1145,losorio,,2025-09-05T14:19:22.708403,2025-09-06T00:00:00,2025-09-06 01:43:00
0,2025-09-05T14:18:25.433829,81395,515135,MELAMINICO SUPERCOR PB RH WENGUE TEX MADERA 183X244X15,2.0,Salida por entrega,515355,261,98,10010452,01,Cerrado,515355,2.0,,1145,losorio,,2025-09-05T14:19:19.218893,2025-09-06T00:00:00,2025-09-06 01:43:00
0,2025-09-05T14:18:25.433829,81394,515131,MELAMINICO VESTO MDP RH BLANCO 215X244X15,2.0,Salida por entrega,515354,261,98,10010332,01,Cerrado,515354,2.0,,1145,losorio,,2025-09-05T14:19:16.128158,2025-09-06T00:00:00,2025-09-06 01:43:00
0,2025-09-05T14:18:25.433829,81393,515125,MELAMINICO  SUPERCOR  PB  RH KALLIO TEX FOREST  183X244X15,2.0,Salida por entrega,515353,261,98,10029395,01,Cerrado,515353,2.0,,1145,losorio,,2025-09-05T14:18:59.956165,2025-09-06T00:00:00,2025-09-06 01:43:00
0,2025-09-05T14:18:25.433829,81392,515122,MELAMINICO SUPERCOR PB RH WENGUE TEX MADERA 183X244X15,1.0,Salida por entrega,515352,261,98,10010452,01,Cerrado,515352,1.0,,1145,losorio,,2025-09-05T14:18:56.543254,2025-09-06T00:00:00,2025-09-06 01:43:00
0,2025-09-05T14:16:30.890208,81391,514795,BISAGRA SLOW MOTION CLIP ON  35MM PARCHE C/T 4H+10,339.0,Salida por entrega,515351,261,98,10009207+10,01,Cerrado,515351,339.0,,1290,lguerrero,,2025-09-05T14:19:33.260225,2025-09-06T00:00:00,2025-09-06 01:43:00
0,2025-09-05T14:15:47.631996,81390,512714,PATA BASE TIPO BOTA EN ACERO INOXIDABLE A 304 - 10 CMS,4.0,Salida por entrega,515350,261,98,10015055,01,Cerrado,515350,4.0,,1290,lguerrero,,2025-09-05T14:19:24.7233,2025-09-05T00:00:00,2025-09-06 01:43:00
0,2025-09-05T14:15:25.434874,81389,514256,CANTO PVC INTRAPLAS WENGUE 19X0.45MM 240mxRollo,502.0,Salida por entrega,515349,261,98,10003910,01,Cerrado,515349,502.0,,1290,lguerrero,,2025-09-05T14:19:26.851659,2025-09-05T00:00:00,2025-09-06 01:43:00
0,2025-09-05T14:07:53.441251,81384,515194,MELAMINICO  SUPERCOR  PB    AMARETTO    TEX RUSTICK  183X244X15,0.5,Salida por entrega,515341,261,98,10010556,02,Cerrado,515341,0.5,,1290,lguerrero,,2025-09-05T14:10:23.754989,2025-09-06T00:00:00,2025-09-06 01:43:00
0,2025-09-05T14:07:51.082631,81385,515165,MELAMINICO SUPERCOR PB RH SODER TEX FOREST  183X244X36+1,14.0,Salida por entrega,515342,261,98,10031651+1,01,Cerrado,515342,14.0,,1145,losorio,,2025-09-05T14:09:43.244152,2025-09-06T00:00:00,2025-09-06 01:43:00
0,2025-09-05T14:07:51.082631,81382,515157,MELAMINICO  SUPERCOR  PB  RH  ARENA    TEX FOREST  183X244X15+2,20.0,Salida por entrega,515339,261,98,10029390+2,01,Cerrado,515339,20.0,,1145,losorio,,2025-09-05T14:09:50.277749,2025-09-06T00:00:00,2025-09-06 01:43:00
0,2025-09-05T14:07:51.082631,81383,515161,MELAMINICO  SUPERCOR  PB  RH  SODER    TEX FORETS  183X244X15+2,13.0,Salida por entrega,515340,261,98,10029402+2,01,Cerrado,515340,13.0,,1145,losorio,,2025-09-05T14:09:46.842353,2025-09-06T00:00:00,2025-09-06 01:43:00
0,2025-09-05T14:07:51.082631,81388,515180,CANTO PVC INTRAPLAS ARENA 19X0.45MM 240mxRollo+1,2706.0,Salida por entrega,515345,261,98,10003766+1,02,Cerrado,515345,2706.0,,1145,losorio,,2025-09-05T14:10:22.793768,2025-09-05T00:00:00,2025-09-06 01:43:00
0,2025-09-05T14:07:51.082631,81387,515172,MELAMINICO  SUPERCOR  PB  RH  ARENA    TEX FOREST  183X244X15,76.0,Salida por entrega,515344,261,98,10029390,02,Cerrado,515344,76.0,,1145,losorio,,2025-09-05T14:10:18.314725,2025-09-06T00:00:00,2025-09-06 01:43:00
0,2025-09-05T14:07:51.082631,81386,515169,CANTO PVC INTRAPLAS ARENA 19X0.45MM 240mxRollo+11,1614.0,Salida por entrega,515343,261,98,10003766+11,01,Cerrado,515343,1614.0,,1145,losorio,,2025-09-05T14:10:07.010819,2025-09-05T00:00:00,2025-09-06 01:43:00
0,2025-09-05T14:07:23.212158,81381,515198,MELAMINICO  SUPERCOR  PB    ARENA    TEX FOREST  183X244X15,3.0,Salida por entrega,515338,261,98,10029388,02,Cerrado,515338,3.0,,1290,lguerrero,,2025-09-05T14:10:25.315605,2025-09-06T00:00:00,2025-09-06 01:43:00
0,2025-09-05T14:06:39.889454,81380,515204,MELAMINICO  UNICOR MDF CEDRO TEX MADERA   183X244X5.5  1C/ SIN BACKER,1.0,Salida por entrega,515337,261,98,10012820,01,Cerrado,515337,1.0,,1290,lguerrero,,2025-09-05T14:09:53.214973,2025-09-06T00:00:00,2025-09-06 01:43:00
0,2025-09-05T14:05:18.984185,81379,515207,AGLOMERADO PRIMAPLEX 183XX244X15  PR183X244X15,4.0,Salida por entrega,515336,261,98,10008718,01,Cerrado,515336,4.0,,1290,lguerrero,,2025-09-05T14:09:56.201352,2025-09-06T00:00:00,2025-09-06 01:43:00
0,2025-09-05T14:04:45.320915,81378,515212,MELAMINICO SUPERCOR PB RH PERLA TEX SOFT  183X244X15+1,2.0,Salida por entrega,515335,261,98,10029391+1,01,Cerrado,515335,2.0,,1290,lguerrero,,2025-09-05T14:05:12.546419,2025-09-06T00:00:00,2025-09-06 01:43:00
0,2025-09-05T14:03:56.732423,81377,514435,CEMENTO GRIS ALION BULTO X 50kg,30.0,Salida por entrega,515334,261,98,10021733,02,Cerrado,515334,30.0,,1145,losorio,,2025-09-05T14:05:18.815756,2025-09-04T00:00:00,2025-09-06 01:43:00
0,2025-09-05T14:01:56.471713,81376,515218,MELAMINICO  SUPERCOR  PB  RH  AUSTRAL  TEX FOREST  183X244X15+1,2.5,Salida por entrega,515333,261,98,10010411+1,01,Cerrado,515333,2.5,,1290,lguerrero,,2025-09-05T14:05:16.294393,2025-09-06T00:00:00,2025-09-06 01:43:00
0,2025-09-05T13:58:54.335082,81375,515225,MELAMINICO UNICOR MDF AUSTRAL TEX FOREST  183X244X5.5  1C/ SIN BACKER,4.0,Salida por entrega,515296,261,98,10029330,01,Cerrado,515296,4.0,,1290,lguerrero,,2025-09-05T14:00:27.852191,2025-09-06T00:00:00,2025-09-06 01:43:00
0,2025-09-05T13:58:29.663437,81374,515228,MELAMINICO  SUPERCOR  PB  RH  BLANCO NEVADO    LISO  215X244X15+1,4.5,Salida por entrega,515295,261,98,10010411+1,01,Cerrado,515295,4.5,,1290,lguerrero,,2025-09-05T14:00:16.18813,2025-09-06T00:00:00,2025-09-06 01:43:00
0,2025-09-05T13:57:40.598312,81373,515232,MELAMINICO VESTO MDP RH BLANCO 215X244X15,5.0,Salida por entrega,515294,261,98,10010332,01,Cerrado,515294,5.0,,1290,lguerrero,,2025-09-05T14:00:24.14015,2025-09-06T00:00:00,2025-09-06 01:43:00
0,2025-09-05T13:57:12.0647,81372,515235,MELAMINICO SUPERCOR PB BLANCO NEVADO LISO 183X244X18,3.0,Salida por entrega,515293,261,98,10010406,01,Cerrado,515293,3.0,,1290,lguerrero,,2025-09-05T14:00:30.41662,2025-09-06T00:00:00,2025-09-06 01:43:00
0,2025-09-05T13:56:26.36815,81371,515238,MELAMINICO VESTO MDP RH CARAMEL MATE NATURAL  215X244X15,3.0,Salida por entrega,515292,261,98,10020454,01,Cerrado,515292,3.0,,1290,lguerrero,,2025-09-05T14:00:36.295006,2025-09-06T00:00:00,2025-09-06 01:43:00
0,2025-09-05T13:55:24.74625,81370,515241,MDF IMPORTADO TABLEMAC   183X244X5.5+4,14.0,Salida por entrega,515291,261,98,10008524+4,01,Cerrado,515291,14.0,,1290,lguerrero,,2025-09-05T14:00:43.1874,2025-09-06T00:00:00,2025-09-06 01:43:00
0,2025-09-05T13:54:48.807228,81369,515014,MELAMINICO  SUPERCOR  PB    SAGANO   TEX FOREST  183X244X15,1.0,Salida por entrega,515290,261,98,10029391,01,Cerrado,515290,1.0,,1290,lguerrero,,2025-09-05T13:55:12.566017,2025-09-05T00:00:00,2025-09-06 01:43:00
0,2025-09-05T13:53:29.518648,81368,515250,MDF  183X244X5.5   A,5.0,Salida por entrega,515289,261,98,10008689,01,Cerrado,515289,5.0,,1290,lguerrero,,2025-09-05T13:55:16.267973,2025-09-05T00:00:00,2025-09-06 01:43:00
0,2025-09-05T13:26:17.687288,81367,515271,ANTISOL BLANCO DE  20 KG,2.0,Salida por entrega,515280,261,98,10005224,01,Cerrado,515280,2.0,,1145,cmartinez,,2025-09-05T13:30:14.352159,2025-09-05T00:00:00,2025-09-06 01:43:00
0,2025-09-05T12:33:40.894568,81366,515107,MELAMINICO  SUPERCOR  PB  RH KALLIO TEX FOREST  183X244X15+3,31.0,Salida por entrega,515255,261,98,10014105+3,02,Cerrado,515255,31.0,,1145,losorio,,2025-09-05T12:40:13.664351,2025-09-05T00:00:00,2025-09-06 01:43:00
0,2025-09-05T12:12:24.804146,81365,515055,ARTEMELT 1227  X 25 KG,2.0,Salida por entrega,515248,261,98,10025253,02,Cerrado,515248,2.0,,1145,losorio,,2025-09-05T12:36:38.08814,2025-09-05T00:00:00,2025-09-06 01:43:00
0,2025-09-05T12:08:26.042823,81364,514474,CANTO PVC REHAU SAGANO DX 19X0.40MM (U.E 300 m) 300mxRollo+1,151.0,Salida por entrega,515247,261,98,10029393+1,02,Cerrado,515247,151.0,,1290,pgaitan,,2025-09-05T12:37:52.91927,2025-09-05T00:00:00,2025-09-06 01:43:00
0,2025-09-05T11:58:49.641147,81363,507563,CANTO PVC INTRAPLAS SAGANO 40X1 MM 120mxRollo,180.0,Salida por entrega,515188,261,98,10026660,02,Cerrado,515188,180.0,,1145,losorio,,2025-09-05T12:00:23.744156,2025-09-01T00:00:00,2025-09-06 01:43:00
0,2025-09-05T11:36:08.292148,81362,515089,YEE SANITARIA DOBLE RED 4X2       REF 2901724,3.0,Salida por entrega,515182,261,98,10011646,01,Cerrado,515182,3.0,,1145,losorio,,2025-09-05T11:36:36.529026,2025-09-05T00:00:00,2025-09-06 01:43:00
0,2025-09-05T11:15:56.7536,81361,514435,CEMENTO GRIS ALION BULTO X 50kg,20.0,Salida por entrega,515106,261,98,10021733,01,Cerrado,515106,20.0,,1145,losorio,,2025-09-05T11:16:39.472182,2025-09-04T00:00:00,2025-09-06 01:43:00
0,2025-09-05T11:15:42.571659,81360,515047,ALAMBRE NEGRO No.17 EN KILOS+2,107.0,Salida por entrega,515104,261,98,10004835+2,01,Cerrado,515104,107.0,,1145,losorio,B62311-25+1,2025-09-05T11:16:42.449754,2025-09-05T00:00:00,2025-09-06 01:43:00
0,2025-09-05T11:08:53.873342,81359,514177,ADAPTADOR PRESION MACHO DE 1/2    REF 2900779+3,634.0,Salida por entrega,515101,261,98,10011403+3,01,Cerrado,515101,634.0,,1145,losorio,,2025-09-05T11:09:22.156561,2025-09-04T00:00:00,2025-09-06 01:43:00
0,2025-09-05T10:58:00.363432,81358,514965,CANTO PVC INTRAPLAS WENGUE 40X0.45 MM 240mxRollo,13.0,Salida por entrega,515082,261,98,10003916,01,Cerrado,515082,13.0,,1145,losorio,,2025-09-05T10:58:47.473568,2025-09-05T00:00:00,2025-09-06 01:43:00
0,2025-09-05T10:27:09.861467,81357,515024,THINER GALON,2.0,Salida por entrega,515068,261,98,10007316,01,Cerrado,515068,2.0,,1145,losorio,,2025-09-05T10:27:38.588941,2025-09-05T00:00:00,2025-09-06 01:43:00
0,2025-09-05T09:37:31.996292,81355,514570,CEMENTO GRIS ALION BULTO X 50kg,20.0,Salida por entrega,515018,261,98,10021733,01,Cerrado,515018,20.0,,1145,jtorres,,2025-09-05T09:40:26.894111,2025-09-05T00:00:00,2025-09-06 01:43:00
0,2025-09-05T09:37:31.996292,81356,514577,CEMENTO GRIS ALION BULTO X 50kg+1,70.0,Salida por entrega,515019,261,98,10011254+1,01,Cerrado,515019,70.0,,1145,jtorres,,2025-09-05T09:40:35.038864,2025-09-05T00:00:00,2025-09-06 01:43:00
0,2025-09-05T09:37:31.996292,81354,514092,CEMENTO GRIS ALION BULTO X 50kg,50.0,Salida por entrega,515017,261,98,10021733,01,Cerrado,515017,50.0,,1145,jtorres,,2025-09-05T09:40:19.949913,2025-09-05T00:00:00,2025-09-06 01:43:00
0,2025-09-05T09:37:31.996292,81353,514090,CEMENTO GRIS ALION BULTO X 50kg,100.0,Salida por entrega,515016,261,98,10021733,01,Cerrado,515016,100.0,,1145,jtorres,,2025-09-05T09:40:16.428151,2025-09-05T00:00:00,2025-09-06 01:43:00
0,2025-09-05T09:26:55.648671,81352,514051,PEGACOR MAX GRIS 25 KG 901011501,48.0,Salida por entrega,515007,261,98,10001406,01,Cerrado,515007,48.0,,1145,losorio,,2025-09-05T09:27:14.148272,2025-09-06T00:00:00,2025-09-06 01:43:00
0,2025-09-05T09:24:50.807748,81351,514974,80x160 PORC. BRILLANTE BLANCO CALACATTA LIGHT GOLD (CJ: 2.56 M2)+8,229.76000000000002,Salida por entrega,515006,261,98,10001608+8,01,Cerrado,515006,229.76000000000002,,1145,losorio,,2025-09-05T09:25:25.645303,2025-09-09T00:00:00,2025-09-06 01:43:00
0,2025-09-05T08:54:49.292401,81350,514542,RIEL SPAR OCULTO EXT. TOTAL SLOW MOTION 35KG 45CM  RBM/45,60.0,Salida por entrega,514999,261,98,10021647,01,Cerrado,514999,60.0,,1290,pgaitan,,2025-09-05T08:55:12.394583,2025-09-05T00:00:00,2025-09-06 01:43:00
0,2025-09-05T08:49:18.71946,81349,513714,MDF QD 1.83X2.44X2.5 mm,412.0,Salida por entrega,514998,261,98,10033148,01,Cerrado,514998,412.0,,1290,jcardenas,,2025-09-05T08:55:11.647936,2025-09-05T00:00:00,2025-09-06 01:43:00
0,2025-09-05T08:48:24.197716,81348,513032,PATA CILINDRICA METALICA CON NIVELADOR 10,108.0,Salida por entrega,514997,261,98,10024142,01,Cerrado,514997,108.0,,1290,jcardenas,,2025-09-05T08:50:11.704153,2025-09-06T00:00:00,2025-09-06 01:43:00
0,2025-09-05T08:47:41.928352,81347,513723,BISAGRA SLOW MOTION CLIP ON  35MM PARCHE C/T 4H+26,559.0,Salida por entrega,514996,261,98,10009207+26,01,Cerrado,514996,559.0,,1290,jcardenas,,2025-09-05T08:50:24.768661,2025-09-05T00:00:00,2025-09-06 01:43:00
0,2025-09-05T08:36:37.386512,81346,511539,MELAMINICO UNICOR MDF GRACIA TEX RUSTICK 183X244X5.5  1C/ SIN BACKER,5.0,Salida por entrega,514980,261,98,10014073,01,Cerrado,514980,5.0,,1290,pgaitan,,2025-09-05T08:40:23.68115,2025-09-06T00:00:00,2025-09-06 01:43:00
0,2025-09-05T08:36:12.980146,81345,514492,CANTO PVC IMPORTADO CEDRO  FREZE 22X0.40 (300mxRollo),17.0,Salida por entrega,514975,261,98,10015894,01,Cerrado,514975,17.0,,1290,pgaitan,,2025-09-05T08:40:26.380634,2025-09-05T00:00:00,2025-09-06 01:43:00
0,2025-09-05T08:35:13.831125,81344,514065,MELAMINICO  SUPERCOR  PB  RH  SODER    TEX FORETS  183X244X15+1,3.0,Salida por entrega,514973,261,98,10010964+1,01,Cerrado,514973,3.0,,1290,pgaitan,,2025-09-05T08:40:14.556172,2025-09-05T00:00:00,2025-09-06 01:43:00
0,2025-09-05T08:10:49.783354,81343,514429,MELAMINICO UNICOR PB CHANTILLI TEX MADERA 183X244X12  1C/ CON BACKER+1,12.0,Salida por entrega,514952,261,98,10030442+1,01,Cerrado,514952,12.0,,1290,pgaitan,,2025-09-05T08:15:19.214192,2025-09-05T00:00:00,2025-09-06 01:43:00
0,2025-09-05T08:10:27.830974,81342,513120,FLETES,6.708,Salida por entrega,514951,261,98,10005779,01,Cerrado,514951,6.708,,1290,pgaitan,,2025-09-05T08:15:22.73697,2025-09-05T00:00:00,2025-09-06 01:43:00
0,2025-09-05T08:09:47.929601,81341,513737,AFIX KIT EXPRESS ACT 300ML CAJA X 300ML    Ref:406828+8,29.0,Salida por entrega,514950,261,98,10004191+8,01,Cerrado,514950,29.0,,1290,pgaitan,A0018713+1,2025-09-05T08:10:20.879171,2025-09-05T00:00:00,2025-09-06 01:43:00
0,2025-09-05T07:55:33.483306,81340,510522,BISAGRA TORINO PARCHE 35MM-110° C/T 4800 4H+5,37.0,Salida por entrega,514944,261,98,10009207+5,01,Cerrado,514944,37.0,,1145,cmartinez,A0019007,2025-09-05T08:00:22.096146,2025-09-05T00:00:00,2025-09-06 01:43:00
0,2025-09-05T07:53:18.340828,81339,511300,MDF TABLEMAC LIGHT 305X244X15 RH+1,280.0,Salida por entrega,514943,261,98,10022182+1,01,Cerrado,514943,280.0,,1290,pgaitan,,2025-09-05T07:55:13.13008,2025-09-03T00:00:00,2025-09-06 01:43:00
0,2025-09-05T07:52:19.192137,81338,514423,TRIPLEX PINO FENOLICO IMPORTADO   122X244X15,3.0,Salida por entrega,514942,261,98,10008624,01,Cerrado,514942,3.0,,1290,pgaitan,,2025-09-05T07:55:29.213007,2025-09-05T00:00:00,2025-09-06 01:43:00
0,2025-09-05T07:51:38.692172,81337,514295,MDF IMPORTADO TABLEMAC   183X244X04,1.0,Salida por entrega,514941,261,98,10008553,01,Cerrado,514941,1.0,,1290,pgaitan,,2025-09-05T07:55:32.604833,2025-09-05T00:00:00,2025-09-06 01:43:00
0,2025-09-05T07:50:55.70516,81336,514107,SOPORTE DE ENTREPAÑO TRANSPARENTE,300.0,Salida por entrega,514940,261,98,10022487,01,Cerrado,514940,300.0,,1290,pgaitan,,2025-09-05T07:55:16.814133,2025-09-05T00:00:00,2025-09-06 01:43:00
0,2025-09-05T07:50:33.889051,81335,514058,VAJILLERO  SPAR EN ACERO  INOXIDABLE  MOD 60CM SPAR-V60,1.0,Salida por entrega,514938,261,98,10009430,01,Cerrado,514938,1.0,,1290,pgaitan,,2025-09-05T07:55:25.405293,2025-09-05T00:00:00,2025-09-06 01:43:00
0,2025-09-05T07:50:03.636164,81334,514515,MELAMINICO  SUPERCOR  PB    AMARETTO    TEX RUSTICK  183X244X15+2,8.0,Salida por entrega,514937,261,98,10010556+2,01,Cerrado,514937,8.0,,1290,pgaitan,,2025-09-05T07:55:22.732286,2025-09-05T00:00:00,2025-09-06 01:43:00
0,2025-09-05T07:49:35.863237,81333,514436,BISAGRA 3D SLOW MOTION CLIP ON  35MM PARCHE C/T 4H+11,235.0,Salida por entrega,514936,261,98,10010411+11,01,Cerrado,514936,235.0,,1290,pgaitan,,2025-09-05T07:50:24.104155,2025-09-05T00:00:00,2025-09-06 01:43:00
0,2025-09-05T07:49:02.604151,81332,513476,BRAZO  SPAR  PLEGABLE  CIERRE  LENTO ALTURA 65-85+5,26.0,Salida por entrega,514935,261,98,10009423+5,01,Cerrado,514935,26.0,,1290,pgaitan,,2025-09-05T07:50:43.346673,2025-09-05T00:00:00,2025-09-06 01:43:00
0,2025-09-05T07:48:39.299971,81331,514418,MELAMINICO  SUPERCOR  PB    AMARETTO    TEX RUSTICK  183X244X15+3,19.0,Salida por entrega,514934,261,98,10010556+3,01,Cerrado,514934,19.0,,1290,pgaitan,,2025-09-05T07:50:46.118931,2025-09-05T00:00:00,2025-09-06 01:43:00
0,2025-09-05T07:45:47.344139,81330,514623,DISPOSITIVO PUSH SPAR+1,14.0,Salida por entrega,514933,261,98,10009430+1,01,Cerrado,514933,14.0,,1145,jtorres,,2025-09-05T07:50:20.06419,2025-09-05T00:00:00,2025-09-06 01:43:00
0,2025-09-05T07:45:47.344139,81329,514620,FORMICA LAMITECH F6 GENERICA BLANCO 2112 TEXTURA STANDAR  122X244,1.0,Salida por entrega,514932,261,98,10010164,01,Cerrado,514932,1.0,,1145,jtorres,,2025-09-05T07:50:31.882851,2025-09-05T00:00:00,2025-09-06 01:43:00
0,2025-09-05T07:45:47.344139,81328,514584,MDF TABLEMAC LIGHT 183X244X09,65.0,Salida por entrega,514931,261,98,10008524,01,Cerrado,514931,65.0,,1145,jtorres,,2025-09-05T07:50:29.594241,2025-09-05T00:00:00,2025-09-06 01:43:00
0,2025-09-05T07:45:47.344139,81327,514555,BUJES SOLDADO SANITARIA 3X2       REF 2901028+3,57.0,Salida por entrega,514930,261,98,10011380+3,01,Cerrado,514930,57.0,,1145,jtorres,,2025-09-05T07:50:26.975554,2025-09-05T00:00:00,2025-09-06 01:43:00
0,2025-09-05T07:45:47.344139,81326,514405,RIEL SPAR TIPO FORTE EXTENSIÓN TOTAL 30KG 45CM  SPAR45,3.0,Salida por entrega,514929,261,98,10009205,01,Cerrado,514929,3.0,,1145,jtorres,,2025-09-05T07:50:15.876146,2025-09-05T00:00:00,2025-09-06 01:43:00
0,2025-09-05T07:45:47.344139,81325,513751,BISAGRA 3D  SLOW MOTION CLIP ON  35MM PARCHE C/T 4H NIQUELADA NEGRA+26,500.0,Salida por entrega,514928,261,98,10003938+26,01,Cerrado,514928,500.0,,1145,jtorres,A0018786+2,2025-09-05T07:50:45.016739,2025-09-05T00:00:00,2025-09-06 01:43:00
0,2025-09-05T07:45:47.344139,81324,510315,CANTO PVC INTRAPLAS HUMO TABLEMAC 19X0.45MM 240mxRollo,20.0,Salida por entrega,514927,261,98,10003831,01,Cerrado,514927,20.0,,1145,jtorres,,2025-09-05T07:50:27.231753,2025-09-04T00:00:00,2025-09-06 01:43:00
0,2025-09-05T07:45:47.344139,81323,510312,TORNILLO 6X1  DRYWALL DSPS DE AUTOPERF  PAQ POR 100 UND+1,8.0,Salida por entrega,514926,261,98,10021386+1,01,Cerrado,514926,8.0,,1145,jtorres,,2025-09-05T07:50:39.772515,2025-09-04T00:00:00,2025-09-06 01:43:00
0,2025-09-05T07:45:47.344139,81322,510303,CANTO PVC REHAU SODER 2026 (roble provenzal) 19X0.40MM (U.E 300 m) 300mxRollo,5.0,Salida por entrega,514925,261,98,10031927,01,Cerrado,514925,5.0,,1145,jtorres,,2025-09-05T07:50:16.001767,2025-09-04T00:00:00,2025-09-06 01:43:00
0,2025-09-05T07:21:59.965862,81321,514526,MELAMINICO  SUPERCOR  PB    BLANCO NEVADO    LISO  215X244X15+1,8.0,Salida por entrega,514920,261,98,10010749+1,01,Cerrado,514920,8.0,,1290,pgaitan,,2025-09-05T07:25:15.106867,2025-09-05T00:00:00,2025-09-06 01:43:00
0,2025-09-05T07:21:38.201203,81320,514457,MELAMINICO  SUPERCOR  PB    AMARETTO    TEX RUSTICK  183X244X15+4,12.0,Salida por entrega,514919,261,98,10010556+4,01,Cerrado,514919,12.0,,1290,pgaitan,,2025-09-05T07:25:29.955293,2025-09-05T00:00:00,2025-09-06 01:43:00
0,2025-09-05T07:20:54.270858,81319,514517,MELAMINICO  SUPERCOR  PB    AMARETTO    TEX RUSTICK  183X244X15+7,49.0,Salida por entrega,514918,261,98,10010425+7,01,Cerrado,514918,49.0,,1290,pgaitan,,2025-09-05T07:25:19.884157,2025-09-05T00:00:00,2025-09-06 01:43:00
0,2025-09-05T07:17:12.512161,81310,512244,BISAGRA 3D SLOW MOTION CLIP ON  35MM PARCHE C/T 4H+10,206.0,Salida por entrega,514909,261,98,10009716+10,01,Cerrado,514909,206.0,,1290,pgaitan,,2025-09-05T07:20:41.488387,2025-09-06T00:00:00,2025-09-06 01:43:00
0,2025-09-05T07:16:36.952152,81304,514081,LAMINA ETERBOARD  122x244X 4MM 1316137+10,33.0,Salida por entrega,514903,261,98,10002353+10,01,Cerrado,514903,33.0,,1145,cmartinez,,2025-09-05T07:20:16.155946,2025-09-05T00:00:00,2025-09-06 01:43:00
0,2025-09-05T07:16:36.952152,81318,514565,MDF QD 1.83X2.44X2.5 mm+5,23.0,Salida por entrega,514917,261,98,10008525+5,01,Cerrado,514917,23.0,,1145,cmartinez,,2025-09-05T07:20:58.922006,2025-09-05T00:00:00,2025-09-06 01:43:00
0,2025-09-05T07:16:36.952152,81317,514535,MELAMINICO  SUPERCOR  PB  RH  AMARETTO TEX RUSTICK  183X244X15+5,17.0,Salida por entrega,514916,261,98,10010452+5,01,Cerrado,514916,17.0,,1145,cmartinez,,2025-09-05T07:20:32.632281,2025-09-05T00:00:00,2025-09-06 01:43:00
0,2025-09-05T07:16:36.952152,81316,514504,MELAMINICO  SUPERCOR  PB  RH  CHANTILLI    TEX MADERA  183X244X15,3.0,Salida por entrega,514915,261,98,10010666,01,Cerrado,514915,3.0,,1145,cmartinez,,2025-09-05T07:20:45.68814,2025-09-05T00:00:00,2025-09-06 01:43:00
0,2025-09-05T07:16:36.952152,81315,514501,MDF TABLEMAC LIGHT 183X244X09,5.0,Salida por entrega,514914,261,98,10008524,01,Cerrado,514914,5.0,,1145,cmartinez,,2025-09-05T07:20:57.347513,2025-09-05T00:00:00,2025-09-06 01:43:00
0,2025-09-05T07:16:36.952152,81314,514421,CINTA DE PAPEL 5CM X 150 ML+1,222.0,Salida por entrega,514913,261,98,10019648+1,01,Cerrado,514913,222.0,,1145,cmartinez,,2025-09-05T07:20:50.277809,2025-09-05T00:00:00,2025-09-06 01:43:00
0,2025-09-05T07:16:36.952152,81313,514415,MDF TABLEMAC LIGHT 183X244X09,3.0,Salida por entrega,514912,261,98,10008524,01,Cerrado,514912,3.0,,1145,cmartinez,,2025-09-05T07:20:52.301155,2025-09-05T00:00:00,2025-09-06 01:43:00
0,2025-09-05T07:16:36.952152,81312,514411,LAMINA YESO CARTON ESTANDAR 4''X8''X1/2'',100.0,Salida por entrega,514911,261,98,10002359,01,Cerrado,514911,100.0,,1145,cmartinez,,2025-09-05T07:20:26.371484,2025-09-05T00:00:00,2025-09-06 01:43:00
0,2025-09-05T07:16:36.952152,81311,514408,CANTO PVC INTRAPLAS GRAFFO 19X0.45MM 240mxRollo+2,7.0,Salida por entrega,514910,261,98,10026776+2,01,Cerrado,514910,7.0,,1145,cmartinez,,2025-09-05T07:20:47.150214,2025-09-05T00:00:00,2025-09-06 01:43:00
0,2025-09-05T07:16:36.952152,81309,514374,CANTO PVC INTRAPLAS ARENA 19X0.45MM 240mxRollo+3,157.0,Salida por entrega,514908,261,98,10003766+3,01,Cerrado,514908,157.0,,1145,cmartinez,,2025-09-05T07:20:20.658326,2025-09-05T00:00:00,2025-09-06 01:43:00
0,2025-09-05T07:16:36.952152,81308,514354,DISPOSITIVO PUSH SPAR,12.0,Salida por entrega,514907,261,98,10022479,01,Cerrado,514907,12.0,,1145,cmartinez,,2025-09-05T07:20:41.213137,2025-09-05T00:00:00,2025-09-06 01:43:00
0,2025-09-05T07:16:36.952152,81307,514253,CANTO PVC INTRAPLAS FLORMORADO 19X0.45 MM 240mxRollo+1,100.0,Salida por entrega,514906,261,98,10031492+1,01,Cerrado,514906,100.0,,1145,cmartinez,,2025-09-05T07:20:32.115386,2025-09-05T00:00:00,2025-09-06 01:43:00
0,2025-09-05T07:16:36.952152,81306,514184,MELAMINICO  SUPERCOR  PB  RH  KOA   TEX RUSTICK  183X244X15,1.0,Salida por entrega,514905,261,98,10026642,01,Cerrado,514905,1.0,,1145,cmartinez,,2025-09-05T07:20:26.092001,2025-09-05T00:00:00,2025-09-06 01:43:00
0,2025-09-05T07:16:36.952152,81305,514174,MDF TABLEMAC LIGHT 183X244X09,15.0,Salida por entrega,514904,261,98,10008524,01,Cerrado,514904,15.0,,1145,cmartinez,,2025-09-05T07:20:17.302141,2025-09-05T00:00:00,2025-09-06 01:43:00
0,2025-09-05T07:16:36.952152,81303,514060,SIKASET-123 UNIVERSAL             /6X5KG,10.0,Salida por entrega,514902,261,98,10030792,01,Cerrado,514902,10.0,,1145,cmartinez,,2025-09-05T07:20:35.534362,2025-09-05T00:00:00,2025-09-06 01:43:00
0,2025-09-05T07:16:36.952152,81302,513757,AFIX KIT EXPRESS ACT 300ML CAJA X 300ML    Ref:406828+59,1561.0,Salida por entrega,514901,261,98,10003953+59,02,Cerrado,514901,1561.0,,1145,cmartinez,+1,2025-09-05T07:25:17.268139,2025-09-05T00:00:00,2025-09-06 01:43:00
0,2025-09-05T07:16:36.952152,81301,513742,FONDO MELAMINICO (TIPO WENGUE) 183x244x03 mm,3.0,Salida por entrega,514900,261,98,10026934,01,Cerrado,514900,3.0,,1145,cmartinez,,2025-09-05T07:21:02.403256,2025-09-05T00:00:00,2025-09-06 01:43:00
0,2025-09-05T07:12:34.378035,81300,514626,PLASTICO NEGRO DE POLIETILENO CAL 6 X 6MTS X ROLLO 70 MTS,4.0,Salida por entrega,514899,261,98,10012519,01,Cerrado,514899,4.0,,1145,cmartinez,,2025-09-05T07:15:35.327214,2025-09-05T00:00:00,2025-09-06 01:43:00
0,2025-09-05T07:12:34.378035,81299,514619,PLASTICO NEGRO DE POLIETILENO CAL 6 X 6MTS X ROLLO 70 MTS,7.0,Salida por entrega,514898,261,98,10012519,01,Cerrado,514898,7.0,,1145,cmartinez,,2025-09-05T07:15:16.586797,2025-09-05T00:00:00,2025-09-06 01:43:00
0,2025-09-05T07:12:34.378035,81298,514562,RIEL SPAR OCULTO EXT. TOTAL SLOW MOTION 35KG 40CM  RBM/40,10.0,Salida por entrega,514897,261,98,10021646,01,Cerrado,514897,10.0,,1145,cmartinez,,2025-09-05T07:15:13.805606,2025-09-05T00:00:00,2025-09-06 01:43:00
0,2025-09-05T07:12:34.378035,81297,514559,SIKA MULTI-SEAL 15 (15 CM DE ANCHO) 10 MT  ALUMINIO,2.0,Salida por entrega,514896,261,98,10005363,01,Cerrado,514896,2.0,,1145,cmartinez,,2025-09-05T07:16:00.829693,2025-09-05T00:00:00,2025-09-06 01:43:00
0,2025-09-05T07:12:34.378035,81296,514546,MELAMINICO UNICOR MDF RH AUSTRAL TEX FOREST 183X244X5.5  1C/ SIN BACKER,23.0,Salida por entrega,514895,261,98,10029331,01,Cerrado,514895,23.0,,1145,cmartinez,,2025-09-05T07:15:49.514426,2025-09-05T00:00:00,2025-09-06 01:43:00
0,2025-09-05T07:12:34.378035,81295,514530,BUJE SOLDADO PRESION DE 1.1/2X1   REF 2900866+25,913.0,Salida por entrega,514894,261,98,10011384+25,02,Cerrado,514894,913.0,,1145,cmartinez,,2025-09-05T07:20:54.308157,2025-09-05T00:00:00,2025-09-06 01:43:00
0,2025-09-05T07:12:34.378035,81294,514510,SIKA BOOM AMARILLO  300 CC.,18.0,Salida por entrega,514893,261,98,10013437,01,Cerrado,514893,18.0,,1145,cmartinez,,2025-09-05T07:15:54.064834,2025-09-05T00:00:00,2025-09-06 01:43:00
0,2025-09-05T07:12:34.378035,81293,514498,PLASTICO NEGRO DE POLIETILENO CAL 6 X 6MTS X ROLLO 70 MTS,2.0,Salida por entrega,514892,261,98,10012519,01,Cerrado,514892,2.0,,1145,cmartinez,,2025-09-05T07:15:44.833305,2025-09-05T00:00:00,2025-09-06 01:43:00
0,2025-09-05T07:12:34.378035,81292,514185,LAMINA YESO CARTON ESTANDAR 4''X8''X1/2''+4,48.0,Salida por entrega,514891,261,98,10002359+4,01,Cerrado,514891,48.0,,1145,cmartinez,,2025-09-05T07:15:39.647255,2025-09-05T00:00:00,2025-09-06 01:43:00
0,2025-09-05T07:12:34.378035,81291,513745,BISAGRA SLOW MOTION CLIP ON 35MM SEMIPARCHE C/T 4H+15,158.0,Salida por entrega,514890,261,98,10003947+15,01,Cerrado,514890,158.0,,1145,cmartinez,,2025-09-05T07:15:23.37811,2025-09-05T00:00:00,2025-09-06 01:43:00
0,2025-09-05T07:12:34.378035,81290,513269,LAMINA YESO CARTON ESTANDAR 4''X8''X1/2''+2,25.0,Salida por entrega,514889,261,98,10000556+2,01,Cerrado,514889,25.0,,1145,cmartinez,,2025-09-05T07:15:47.656578,2025-09-05T00:00:00,2025-09-06 01:43:00
0,2025-09-05T07:06:23.416153,81289,513126,BISAGRA 3D SLOW MOTION CLIP ON 35MM SEMIPARCHE C/T 4H+1,8.708,Salida por entrega,514888,261,98,10005779+1,01,Cerrado,514888,8.708,,1290,pgaitan,,2025-09-05T07:10:23.888262,2025-09-05T00:00:00,2025-09-06 01:43:00
0,2025-09-05T07:05:40.04717,81288,514440,MELAMINICO  SUPERCOR  PB    AMARETTO    TEX RUSTICK  183X244X15+3,11.0,Salida por entrega,514887,261,98,10010200+3,01,Cerrado,514887,11.0,,1290,pgaitan,,2025-09-05T07:10:16.165913,2025-09-05T00:00:00,2025-09-06 01:43:00
0,2025-09-05T07:05:04.568145,81287,514279,MDF IMPORTADO TABLEMAC   183X244X5.5+3,10.0,Salida por entrega,514886,261,98,10008526+3,01,Cerrado,514886,10.0,,1290,pgaitan,,2025-09-05T07:10:20.533557,2025-09-05T00:00:00,2025-09-06 01:43:00
0,2025-09-05T07:04:33.359414,81286,514271,MDF QD 1.83X2.44X2.5 mm,50.0,Salida por entrega,514885,261,98,10033148,01,Cerrado,514885,50.0,,1290,pgaitan,,2025-09-05T07:05:13.111772,2025-09-05T00:00:00,2025-09-06 01:43:00
0,2025-09-05T06:57:44.47121,81285,510527,CANTO PVC INTRAPLAS CAPUCCINO 19X0.45MM 240mxRollo,20.0,Salida por entrega,514880,261,98,10003798,01,Cerrado,514880,20.0,,1145,cmartinez,,2025-09-05T07:00:48.630917,2025-09-05T00:00:00,2025-09-06 01:43:00
0,2025-09-05T06:54:14.357488,81284,514637,CEMENTO GRIS ALION BULTO X 50kg+4,16.0,Salida por entrega,514879,261,98,10011534+4,01,Cerrado,514879,16.0,,1145,cmartinez,,2025-09-05T07:00:23.249077,2025-09-05T00:00:00,2025-09-06 01:43:00
0,2025-09-05T06:54:14.357488,81283,514630,ACROLATEX 50 3508 ANTES TEXACRYL CANECA 20 KG.+7,3416.0,Salida por entrega,514878,261,98,10007037+7,01,Cerrado,514878,3416.0,,1145,cmartinez,,2025-09-05T07:00:17.036165,2025-09-05T00:00:00,2025-09-06 01:43:00
0,2025-09-05T06:54:14.357488,81282,514587,PERFIL ESQUINERO GRANDE PINTURA BLANCA  WINN  WINC0382 C3+1,480.0,Salida por entrega,514877,261,98,10028768+1,01,Cerrado,514877,480.0,,1145,cmartinez,,2025-09-05T07:00:45.630299,2025-09-05T00:00:00,2025-09-06 01:43:00
0,2025-09-05T06:54:14.357488,81281,514574,CLAVO ESTRIA VERTICAL 1'' CA MEJIA X UNIDAD (U.E LIBRA X 350)+5,5064.0,Salida por entrega,514876,261,98,10020507+5,01,Cerrado,514876,5064.0,,1145,cmartinez,,2025-09-05T07:00:51.516231,2025-09-05T00:00:00,2025-09-06 01:43:00
0,2025-09-05T06:54:14.357488,81280,514471,VINILICO BLANCO 2027155 CANECA 5 GALONES+1,11.0,Salida por entrega,514875,261,98,10007108+1,01,Cerrado,514875,11.0,,1145,cmartinez,,2025-09-05T07:00:38.526776,2025-09-05T00:00:00,2025-09-06 01:43:00
0,2025-09-05T06:54:14.357488,81279,514468,SIKA 101 MORTERO PLUS GRIS X25 KLS S124464,20.0,Salida por entrega,514874,261,98,10005545,01,Cerrado,514874,20.0,,1145,cmartinez,,2025-09-05T07:00:55.837849,2025-09-05T00:00:00,2025-09-06 01:43:00
0,2025-09-05T06:54:14.357488,81278,514461,CINTA DE PAPEL  DE 5CM X 75 ML+9,4057.0,Salida por entrega,514873,261,98,10002359+9,01,Cerrado,514873,4057.0,,1145,cmartinez,,2025-09-05T07:00:43.474514,2025-09-05T00:00:00,2025-09-06 01:43:00
0,2025-09-05T06:54:14.357488,81277,514373,BARNIZ BRILLANTE PARA INTEMPERIE INCOLORO 557 1/4 GALON+17,34.0,Salida por entrega,514872,261,98,10006194+17,02,Cerrado,514872,34.0,,1145,cmartinez,,2025-09-05T07:05:15.71051,2025-09-05T00:00:00,2025-09-06 01:43:00
0,2025-09-05T06:54:14.357488,81276,514357,IQ ICO PINTA MÁS MAT BLANCO 18.9+4,41.0,Salida por entrega,514871,261,98,10007108+4,01,Cerrado,514871,41.0,,1145,cmartinez,,2025-09-05T07:00:54.024145,2025-09-05T00:00:00,2025-09-06 01:43:00
0,2025-09-05T06:50:43.980642,81275,511536,CANTO PVC REHAU SODER 2026 (roble provenzal) 19X0.40MM (U.E 300 m) 300mxRollo,10.0,Salida por entrega,514870,261,98,10031927,01,Cerrado,514870,10.0,,1145,cmartinez,,2025-09-05T06:55:20.453367,2025-09-05T00:00:00,2025-09-06 01:43:00
